{
  "block_0": [
    3.4411115646362305,
    3.4108188152313232,
    3.409238815307617,
    3.347926139831543,
    3.4514338970184326,
    3.4702603816986084,
    3.4121580123901367,
    3.3944244384765625,
    3.411384105682373
  ],
  "block_1": [
    3.2893142700195312,
    3.2662675380706787,
    3.2830071449279785,
    2.4666924476623535,
    2.93399715423584,
    3.3506569862365723,
    3.336686372756958,
    3.3952736854553223,
    3.2882769107818604
  ],
  "block_2": [
    2.9992642402648926,
    2.9781334400177,
    3.00303053855896,
    1.7076160907745361,
    1.8063410520553589,
    3.082822799682617,
    3.083977222442627,
    2.37308406829834,
    2.390505075454712
  ],
  "block_3": [
    2.773874282836914,
    2.787231683731079,
    2.818847894668579,
    1.0474762916564941,
    1.041661024093628,
    2.802140712738037,
    2.810393810272217,
    1.121576189994812,
    1.514029622077942
  ],
  "block_4": [
    2.6563656330108643,
    2.6835134029388428,
    2.714247465133667,
    0.7472060918807983,
    0.6323400139808655,
    2.679893732070923,
    2.7162747383117676,
    0.6516397595405579,
    1.0322847366333008
  ],
  "block_5": [
    2.618116855621338,
    2.6502187252044678,
    2.6780166625976562,
    0.5838683843612671,
    0.4954637289047241,
    2.634920835494995,
    2.6880123615264893,
    0.536845326423645,
    0.8304904699325562
  ],
  "final": [
    2.618116855621338,
    2.6502187252044678,
    2.6780166625976562,
    0.5838683843612671,
    0.4954637289047241,
    2.634920835494995,
    2.6880123615264893,
    0.536845326423645,
    0.8304904699325562
  ]
}