{
  "block_0": [
    3.4411115646362305,
    3.4084997177124023,
    3.3842079639434814,
    3.4223220348358154,
    3.468519687652588,
    3.4770994186401367,
    3.3950183391571045,
    3.4170687198638916,
    3.391165018081665
  ],
  "block_1": [
    3.2893142700195312,
    3.2498011589050293,
    3.246192693710327,
    2.555919647216797,
    2.915245294570923,
    3.3625075817108154,
    3.2574732303619385,
    3.399468183517456,
    3.3466553688049316
  ],
  "block_2": [
    2.9992642402648926,
    2.96787166595459,
    2.9793014526367188,
    1.7823001146316528,
    1.689576268196106,
    3.114419937133789,
    3.059398651123047,
    3.09151554107666,
    2.508586883544922
  ],
  "block_3": [
    2.773874282836914,
    2.7973263263702393,
    2.805788040161133,
    1.0819693803787231,
    1.0003466606140137,
    2.8251068592071533,
    2.7793426513671875,
    1.4329231977462769,
    1.6287949085235596
  ],
  "block_4": [
    2.6563656330108643,
    2.7035794258117676,
    2.7095131874084473,
    0.7455557584762573,
    0.6241992115974426,
    2.698307514190674,
    2.6680593490600586,
    0.785215437412262,
    1.1073414087295532
  ],
  "block_5": [
    2.618116855621338,
    2.6691863536834717,
    2.6798453330993652,
    0.5742039680480957,
    0.4951692521572113,
    2.652874708175659,
    2.661553144454956,
    0.6444661617279053,
    0.87754225730896
  ],
  "final": [
    2.618116855621338,
    2.6691863536834717,
    2.6798453330993652,
    0.5742039680480957,
    0.4951692521572113,
    2.652874708175659,
    2.661553144454956,
    0.6444661617279053,
    0.87754225730896
  ]
}